item_id,name,class,weight,defense,required_level,slot,jobs,description,item_script
5086,Alarm Mask,Middle & Lower Headgear,10,2,None,0,Every Job except Novice,A mask which resembles the face of an Alarm monster.\nAdds 50% resistance against Blind,"{ bonus2 bResEff,Eff_Blind,5000; },{},{}"
5137,Alice Doll,Upper Headgear,50,0,30,1,Every Job except Novice,"A doll made to resemble Alice.\nIt feels like it's saying ""May the force be with you, master!"", ""Go get em' tiger!"" on the top of your head.\nIncrease damage on DemiHuman monster by 10%.\nInflict the Sleep status on yourself by a low chance.\nSTR + 1\nImpossible to refine this item.","{ bonus bStr,1; bonus2 bAddRace,RC_DemiHuman,10; bonus2 bAddRace,RC_Player_Human,10; bonus2 bAddEff2,Eff_Sleep,10; },{},{}"
5074,Angel Wing Ears,Middle Headgear,10,1,70,0,Every Job,"An ear accessory that looks just like white, beautiful angel wings.\nSTR + 1","{ bonus bStr,1; },{},{}"
5132,Angeling Hat,Upper Headgear,70,2,None,0,Every Job,"A hat, made especially to look like a certain monster that looks like an angel, but it hates the whole human race.\nReduce damage taken from DemiHuman monster by 10%.","{ bonus2 bSubRace,RC_DemiHuman,10; bonus2 bSubRace,RC_Player_Human,10; },{},{}"
5153,Angeling Hairpin,Upper Headgear,70,3,None,0,Every Job,"A hairpin shaped to look like an Angeling.\nYour body feels strangely light when you wear it.\nFlee Rate + 5\n[+ Angel's Dress]\nINT + 2, LUK + 6, Flee Rate + 5","{ bonus bFlee,5; },{},{}"
2284,Antlers,Upper Headgear,50,4,None,0,Every Job except Novice,"A set of deer antlers that humans, finally, can proudly wear.","{},{},{}"
5270,Autumn Leaves,Upper Headgear,10,1,None,1,Every Job,Looks like leaves falling in autumn. You feel something like a brisk autumn breeze when you use it.\nPerfect Dodge + 5,"{ bonus bFlee2,5; },{},{}"
5174,Ayam,Upper Headgear,40,3,60,1,Every Job,"A traditional Korean a-yam, usually worn by women, crafted of red silk. The way the decoration hangs down is beautiful.\n[TaeKwon Class]\nINT + 1, SP Recovery + 3%","{ if(BaseClass==Job_Taekwon){ bonus bInt,1; bonus bSPrecovRate,3; } },{},{}"
5277,Yellow Bandana,Upper Headgear,10,1,20,0,Every Job except Novice,"A piece of yellow cloth that has droplets of blood, rumored to be from the shirts of the protesters who were at the Bloodless Revolution.\nLUK + 2, VIT + 2\nReduces damage from Long Range attacks by 10%.","{ bonus bLuk,2; bonus bVit,2; bonus bLongAtkDef,10; },{},{}"
2237,Bandit Beard,Lower Headgear,10,0,None,0,Every Job,Bandit Beard,"{},{},{}"
5147,Baseball Cap,Upper Headgear,20,3,None,1,Every Job,A cap worn to keep the sun from your eyes and focus your sight.,"{},{},{}"
5057,Black Cat Ears,Upper Headgear,20,2,45,0,Every Job,A hair band with tiny little black ears attached. It's a copy of the hair band of Wickebine in Morocc.,"{},{},{}"
5076,Beanie,Upper Headgear,35,2,None,0,Every Job,A knit beanie that protects from the cold. Makes some wearers look cute and gives other wearers street cred.\nLUK + 1,"{ bonus bLuk,1; },{},{}"
5236,Blue Beanie,Upper Headgear,35,2,None,0,Every Job,A knit beanie that protects from the cold. Makes some wearers look cute and gives other wearers street cred.\nLUK + 1\n(All transfer methods except Kafra Storage are locked),"{ bonus bLuk,1; },{},{}"
5235,Brown Beanie,Upper Headgear,35,2,None,0,Every Job,A knit beanie that protects from the cold. Makes some wearers look cute and gives other wearers street cred.\nLUK + 1\n(All transfer methods except Kafra Storage are locked),"{ bonus bLuk,1; },{},{}"
5237,Pink Beanie,Upper Headgear,35,2,None,0,Every Job,A knit beanie that protects from the cold. Makes some wearers look cute and gives other wearers street cred.\nLUK + 1\n(All transfer methods except Kafra Storage are locked),"{ bonus bLuk,1; },{},{}"
5382,Bell Ribbon,Upper Headgear,20,3,None,1,Every Job,A cute ribbon with small bells attached.\nEnables use of Level 1 Angelus. VIT + 1.,"{ bonus bVit,1; skill ""AL_ANGELUS"",1; },{},{}"
5065,Blue Fish,Upper Headgear,50,2,50,0,Every Job,A headgear which looks just like a scrumptious fish. It even has the same smell!\nIncrease 10% damage against Fish monster.,"{ bonus2 bAddRace,RC_Fish,10; },{},{}"
5052,Blue Hairband,Upper Headgear,15,1,None,0,Every Job,A blue colored hair band worn with a rakish slant.,"{},{},{}"
2296,Binoculars,Middle Headgear,10,1,50,0,Archer   Hunter   Bard / Dancer,A special optical tool that enables one to observe objects from a great distance.\nDEX + 1,"{ bonus bDex,1; },{},{}"
5129,Bird Nest,Upper Headgear,40,1,50,0,Every Job,A bird nest that makes you feels like you are going to fly away.\nSomehow it has right shape to be worn on top of the head and feels closer to nature.\nAGI + 2\nReduce damage from Brute monster by 10%.,"{ bonus bAgi,2; bonus2 bSubRace,RC_Brute,10; bonus2 bSubRace,RC_Player_Doram,10; },{},{}"
5102,Blank Eyes,Middle Headgear,10,0,None,0,Every Job,"A special item, bundled with the Ragnarok Battle Package, that makes its wearer look absent-minded.","{},{},{}"
5040,Blush,Middle Headgear,10,0,None,0,Every Job,Two red dots that can be worn on the face to give a blushing impression.,"{},{},{}"
5109,Red Bonnet,Upper Headgear,40,2,None,0,Every Job,"A bonnet favored by women of nobility.\nWearing it supposedly causes inexplicable cravings for tea, but that might just be an aristocratic thing.","{},{},{}"
5016,Boy's Cap,Upper Headgear,10,2,None,0,Every Job except Novice,A black cap that is usually worn by boys attending schools that require uniforms.,"{},{},{}"
5110,Baby Pacifier,Lower Headgear,5,0,None,0,Every Job,A hat that looks just like a pacifier.\nWearing it really brings you back to the good old days of hanging in the crib.,"{},{},{}"
5191,Black Ribbon,Upper Headgear,10,1,None,1,Every Job,"A long piece of cloth rolled into a butterfly shape. It's usually worn by girls, so if a guy wears it, he might be mistaken for a girl.\nINT + 1. MDEF + 3","{ bonus bInt,1; bonus bMdef,3; },{},{}"
5169,Bride Mask,Upper & Middle Headgear,50,4,40,1,Every Job,"A white bridal mask worn by actors in theatrical work. Its said the make-up makes it look quite cute.\n[TaeKwon Class]\nLUK + 2, Critical Rate + 5","{ if(BaseClass==Job_Taekwon){ bonus bLuk,2; bonus bCritical,5; } },{},{}"
5034,Bulb Band,Upper Headgear,50,0,None,0,Every Job except Novice,A hair band with a light bulb attached to it.,"{},{},{}"
2214,Bunny Band,Upper Headgear,10,2,None,0,Every Job,"A hair band that gives one the appearance of having rabbit ears, a lasting symbol of extremely good luck.\nLUK + 2","{ bonus bLuk,2; },{},{}"
5105,2nd Anniversary Hat,Upper Headgear,100,1,24,0,Every Job,"An appetizing yet imitated Cake Hat which is created to celebrate the 2nd anniversary of Ragnarok.\nDEX + 1, Maximum SP + 80","{ bonus bDex,1; bonus bMaxSP,80; bonus3 bAddMonsterDropItem,7864,7,50; },{},{}"
5175,Censor Bar,Middle Headgear,10,0,None,0,Every Job,"A mosaic censorship which blocks out the eyes of a person to protect thier identity.\nIts also possible to alter their voice.\nIncrease resistance to Curse status by 5%.\nMDEF + 1, HIT - 5","{ bonus2 bResEff,Eff_Curse,500; bonus bMdef,1; bonus bHit,-5; },{},{}"
5080,Crown of Ancient Queen,Upper Headgear,40,4,45,0,Every Job,A hair ornament worn by ancient queens.,"{},{},{}"
5024,Cake Hat,Upper Headgear,100,1,None,0,Every Job,"A birthday cake replica that won't fit a Dancer inside, but it's almost just as much fun to wear it on top of your head. Almost.","{},{},{}"
5028,Candle,Upper Headgear,15,0,None,0,Every Job,"A large, slightly used candlestick that can be worn on the head by via a strap attachment.","{},{},{}"
5200,Coppola,Upper Headgear,30,0,None,0,Every Job,"Marco's favorite hat. Andrea has written the words ""His memories to you ..."" on the inside of the hat.","{},{},{}"
5184,Captain's Hat,Upper Headgear,50,4,30,0,Every Job except Novice,"A captain's hat, full of profound dignity. Once wore by a famous warship leader.\nIncrease resistance against Water Property by 5%.","{ bonus2 bSubEle,Ele_Water,5; },{},{}"
5359,Ship Captain Hat,Upper Headgear,30,3,60,1,Every Job,Hat of a captain who sails the seven seas.\nDEX +1\nMaxHP +100\nIncrease physical ranged attack by 7%.,"{ bonus bDex,1; bonus bLongAtkRate,7; bonus bMaxHP,100; },{},{}"
5214,Moonlight Flower Hat,Upper & Middle Headgear,20,3,None,0,Every Job,"A hat created with the monster Moonlight Flower in mind.\nIt is said that it uses 30% of Moonlight Flower's fur, and 70% of Nine Tails fur.\nNote that you should only use hand washing to clean it.\nWear this with your Nine Tails scarf for the perfect winter fashion!\nDEX +2\nHas a chance of auto-casting Level 1 Increase Agility when attacking.","{ bonus bDex,2; bonus3 bAutoSpell,""AL_INCAGI"",1,50; },{},{}"
5026,Chef Hat,Upper Headgear,30,1,50,0,Every Job except Novice,A hat designed to cool a chef's head in a hot kitchen.\nDEX + 1,"{ bonus bDex,1; },{},{}"
5142,Crescent Helm,Upper & Middle Headgear,300,8,50,0,Swordman   Merchant   Knight   Blacksmith   Crusader   Alchemist,A gorgeous and strong helm of an east country general.\nVIT + 1\nReduces damage from DemiHuman monster by 5%.,"{ bonus bVit,1; bonus2 bSubRace,RC_DemiHuman,5; bonus2 bSubRace,RC_Player_Human,5; },{},{}"
5283,Chick Hat,Upper Headgear,10,1,10,0,Every Job,"A hat with cute little chick on it. It's hopping action is so cute.\nAllows usage Level 2 Double Attack, and if you already know higher than Level 2 Double Attack, then the appropriate level will be used instead.\nReduce damage from DemiHuman monster by 3%.\nLUK + 2, Maximum HP/SP + 50\nImpossible to refine this item.","{ bonus bLuk,2; bonus bMaxHP,50; bonus bMaxSP,50; skill ""TF_DOUBLE"",2; bonus2 bSubRace,RC_DemiHuman,3; bonus2 bSubRace,RC_Player_Human,3; },{},{}"
5260,Cookie Hat,Upper Headgear,50,2,None,0,Every Job,"A Hat worn by Cookie Xmas, 'the idol of Toy Dungeon'. It covers the ears to protect from cold weather.\nAGI + 1\nPerfect Dodge + 5, Inflict 5% more damage with Critical attacks.","{ bonus bAgi,1; bonus bFlee2,5; bonus bCritAtkRate,5; },{},{}"
5075,Cowboy Hat,Upper Headgear,50,4,None,0,Every Job,"A cowboy hat. It makes men look manlier, and is cute when worn by women.","{},{},{}"
5048,Cresent Hairpin,Upper Headgear,10,0,None,0,Every Job,A hairpin in the shape of a crescent.,"{},{},{}"
5036,Cross Hat,Upper Headgear,25,1,10,0,Every Job except Novice,A hair band with a cross mounted on top.,"{},{},{}"
5135,Cyclop's Eye,Middle Headgear,20,0,75,0,Every Job except Novice,An unique eye protector that seems to increase the wearer's spiritual energy.\nMaximum SP + 50,"{ bonus bMaxSP,50; },{},{}"
5181,Helm of Darkness,Upper & Middle Headgear,200,3,50,1,Swordman   Merchant   Thief   Knight   Blacksmith   Assassin   Crusader   Rogue   Alchemist,A forboding helmet that hides part of the face. People wearing this have the appearance of Beelzebub.\nSTR + 2,"{ bonus bStr,2; },{},{}"
5108,Renown Detective's Cap,Upper Headgear,35,3,None,1,Every Job,This type of cap is known to have been worn by a world famous detective.\nIt feels like a Pipe would perfectly complement this cap for some reason.,"{},{},{}"
5254,Deviling Hat,Upper Headgear,50,1,20,1,Every Job,"A hat made to resemble a little dead deviling which has charming side-spreaded eyes.\nATK, MATK + 2\nIncreases 2% more Experience Points each time a monster is killed.\n[Refine Rate +7 or higher]\nIncreases EXP gained from each kill by 1%.","{ bonus bStr,1; bonus bCritical,3; bonus2 bSubRace,RC_Angel,-20; if(getrefine()>=6){ bonus bCritical,getrefine()-5; } },{},{}"
5038,Deviruchi Hat,Upper Headgear,80,2,64,0,Every Job except Novice,"A hat created in the form of the Deviruchi monster.\nSTR + 1, INT + 1","{ bonus bStr,1; bonus bInt,1; },{},{}"
5229,Brown Deviruchi Hat,Upper Headgear,80,2,64,0,Every Job except Novice,"A hat created in the form of the Deviruchi monster.\nSTR + 1, INT + 1\n(All transfer methods except Kafra Storage are locked)","{ bonus bStr,1; bonus bInt,1; },{},{}"
5227,Red Deviruchi Hat,Upper Headgear,80,2,64,0,Every Job except Novice,"A hat created in the form of the Deviruchi monster.\nSTR + 1, INT + 1\n(All transfer methods except Kafra Storage are locked)","{ bonus bStr,1; bonus bInt,1; },{},{}"
5228,Gray Deviruchi Hat,Upper Headgear,80,2,64,0,Every Job except Novice,"A hat created in the form of the Deviruchi monster.\nSTR + 1, INT + 1\n(All transfer methods except Kafra Storage are locked)","{ bonus bStr,1; bonus bInt,1; },{},{}"
5186,Geographer Band,Upper Headgear,50,1,30,0,Every Job,A special decoration geographer designed to rest nicely on your head.\nINT + 1\nAdd 5% chance of auto casting Level 1 Heal on the user when the user receives Physical Melee Damage.\nImpossible to refine this item.,"{ bonus bInt,1; bonus3 bAutoSpellWhenHit,""AL_HEAL"",1,50; },{},{}"
5091,Decorative Golden Bell,Upper & Middle Headgear,20,2,35,0,Every Job except Novice,A hair accessory which is made after Sohee's golden bell.,"{},{},{}"
5082,Decorative Mushroom,Upper Headgear,10,2,None,0,Every Job,"A headgear which you can obtain by chance when you put your head for a prolonged period of time in a dark, damp place.","{},{},{}"
2273,Doctor Band,Upper Headgear,10,3,None,0,Every Job except Novice,A headband worn by doctors in the past during medical examinations.\nINT + 1,"{ bonus bInt,1; },{},{}"
5258,Afro Wig,Upper & Middle Headgear,10,0,10,1,Every Job,"A fluffy afro style wig which is something teenagers go crazy for. Once you wear it, you might want to dance.\nAdd a 30% chance of auto casting First Aid on the user when the user receives Physical Damage.\nIncrease resistance to Neutral Property attacks by 1%.","{ bonus3 bAutoSpellWhenHit,""NV_FIRSTAID"",1,300; bonus2 bSubEle,Ele_Neutral,1; },{},{}"
5198,Drooping Bunny,Upper Headgear,10,1,None,0,Every Job,"A cute bunny doll which can be worn on top of the head.\nDEX + 1, Flee Rate + 2","{ bonus bDex,1; bonus bFlee,2; },{},{}"
5058,Drooping Cat,Upper Headgear,50,1,None,0,Every Job except Novice,A cute kitty doll which can be worn on top of the head.\nMDEF + 15\nIncrease resistance to Curse status by 30%.,"{ bonus bMdef,15; bonus2 bResEff,Eff_Curse,3000; },{},{}"
5233,Blue Drooping Cat,Upper Headgear,50,1,None,0,Every Job except Novice,A cute kitty doll which can be worn on top of the head.\nMDEF + 15\nIncreases resistance to Curse status by 30%.\n(All transfer methods except Kafra Storage are locked),"{ bonus2 bResEff,Eff_Curse,3000; bonus bMdef,15; },{},{}"
5231,Brown Drooping Cat,Upper Headgear,50,1,None,0,Every Job except Novice,A cute kitty doll which can be worn on top of the head.\nMDEF + 15\nIncreases resistance to Curse status by 30%.\n(All transfer methods except Kafra Storage are locked),"{ bonus2 bResEff,Eff_Curse,3000; bonus bMdef,15; },{},{}"
5232,Pink Drooping Cat,Upper Headgear,50,1,None,0,Every Job except Novice,A cute kitty doll which can be worn on top of the head.\nMDEF + 15\nIncreases resistance to Curse status by 30%.\n(All transfer methods except Kafra Storage are locked),"{ bonus2 bResEff,Eff_Curse,3000; bonus bMdef,15; },{},{}"
5230,Gray Drooping Cat,Upper Headgear,50,1,None,0,Every Job except Novice,A cute kitty doll which can be worn on top of the head.\nMDEF + 15\nIncreases resistance to Curse status by 30%.\n(All transfer methods except Kafra Storage are locked),"{ bonus2 bResEff,Eff_Curse,3000; bonus bMdef,15; },{},{}"
5234,Yellow Drooping Cat,Upper Headgear,50,1,None,0,Every Job except Novice,A cute kitty doll which can be worn on top of the head.\nMDEF + 15\nIncreases resistance to Curse status by 30%.\n(All transfer methods except Kafra Storage are locked),"{ bonus2 bResEff,Eff_Curse,3000; bonus bMdef,15; },{},{}"
5253,Lif Doll Hat,Upper Headgear,20,1,20,1,Every Job,A hat made with a cute Lif doll. It makes wearers feel the doll looking down the wearers.\nIt may get popular among people who loves a little girl.\nINT + 1\nDEF descreases by Refine Rate. MDEF increases by Refine Rate.,"{ bonus bInt,1; bonus bMdef,getrefine(); bonus bDef,getrefine()*-1; },{},{}"
5252,Drooping Ninetail,Upper Headgear,30,1,20,0,Every Job,"A hat made to resemble the monster, Nine tails. proud of its great heat-retainablity.\nAGI + 1, DEX + 1\nAdd a 3% chance of auto casting Level 1 Gloria on the user when the user receives Physical Damage.","{ bonus bAgi,1; bonus bDex,1; bonus3 bAutoSpellWhenHit,""PR_GLORIA"",1,30; },{},{}"
2283,Ear Muffs,Upper Headgear,20,3,None,0,Every Job,"Ear coverings, linked by a headband, that protect the wearer's ears from the cold.\nIncreases resistance to Curse status by 10%.","{ bonus2 bResEff,Eff_Curse,1000; },{},{}"
5243,Shafka,Upper & Middle Headgear,80,2,None,1,Every Job,"A hat made from various animal fur. It can function\nas earmuffs, keeping your ears warm in the cold.\nIts said to be worn traditionally in cold areas.\nIncrease resistance to the Freeze status by 10%.","{ bonus2 bResEff,Eff_Freeze,1000; },{},{}"
5259,Elephant Hat,Upper Headgear,50,3,None,0,Every Job,A hat made in the form of a big animal found in one oriental country.\nThe body it grows but kind is pure and it is. It will ask with the long nose and to inhale it scatters to wide scope.\nVIT + 1\nAdd a 1% chance of auto casting Level 3 Water Ball on the enemy when attacking.\nEnables use of Level 1 Aqua Benedicta.,"{ bonus bVit,1; bonus3 bAutoSpell,""WZ_WATERBALL"",3,10; skill ""AL_HOLYWATER"",1; },{},{}"
5205,Emperor's Laurel Crown,Upper & Middle Headgear,100,3,None,0,Every Job,"An honorable Laurel Wreath that was given to a winner by an emperor of some country in ancient days.\nAll Stats + 1, MDEF + 3","{ bonus bAllStats,1; bonus bMdef,3; },{},{}"
5068,Evil Wing Ears,Middle Headgear,10,1,70,0,Every Job,An ear accessory made with Evil Wing.\nSTR + 1,"{ bonus bStr,1; },{},{}"
5304,Cap Of Blindness,"U, M & L Headgear",80,4,50,1,Every Job,The purple T-shirt which fit into shadowed human face.\nProtect its user from Blind.\nAdd a 7% resistance against Curse status.,"{ bonus2 bResEff,Eff_Curse,700; bonus2 bResEff,Eff_Blind,10000; },{},{}"
5207,Angel Blessing,Upper Headgear,10,0,None,0,Every Job,A dazzling beautiful golden ring which is blessed by an angel. It is given to a great believer.\nIncreases resistance to the Holy Property by 5%.\nLUK + 1,"{ bonus bLuk,1; bonus2 bSubEle,Ele_Holy,5; },{},{}"
5333,Radio Antenna,Upper Headgear,150,2,50,0,Every Job,"A hat designed to transmit electric waves. Sometimes it receives electric waves from external worlds.\nMDEF + 5, CRIT + 5, FLEE + 5\nEnables use of Level 1 Lightning Bolt.\nAdds a chance autocast Level 5 Thunder Storm when receive physical attack.","{ bonus bMdef,5; bonus bCritical,5; bonus bFlee,5; skill ""MG_LIGHTNINGBOLT"",1; bonus4 bAutoSpellWhenHit,""MG_THUNDERSTORM"",5,30,1; },{},{}"
5312,Ayothaya King's Hat,Upper Headgear,10,5,None,1,Swordman   Merchant   Thief   Knight   Blacksmith   Assassin   Crusader   Rogue   Alchemist,"An ancient helm of Ayothaya's fighter. The braver actually can wear.\nSTR + 1, Increase damage on DemiHuman monster by 5%.","{ bonus bStr,1; bonus2 bAddRace,RC_DemiHuman,5; bonus2 bAddRace,RC_Player_Human,5; },{},{}"
5379,Tam,Upper Headgear,80,3,50,1,Every Job,A hat that looks like a balloon full of air.\nEach two refine upgrades increase your MATK by 1%.\nMDEF +2,"{ bonus bMdef,2; bonus bMatkRate,2+(getrefine()/2); },{},{}"
5416,Beer Hat,Upper Headgear,60,2,18,0,Every Job except Novice,Taste of beer after a showerWow~!\nDrinking is prohibited for minors!\nPerfect Dodge + 5\nEnables use of Level 3 Increase HP Recovery and Level 3 Increase SP Recovery.,"{ bonus bFlee2,5; skill ""SM_RECOVERY"",3; skill ""MG_SRECOVERY"",3; },{},{}"
5401,Black Frame Glasses,Middle Headgear,20,1,70,0,Every Job,"Black Framed Glasses. The fashion trend has been changing the picture framed glasses, you will also try changing?\nINT + 1, MDEF + 2","{ bonus bInt,1; bonus bMdef,2; bonus bUnbreakableHelm, 0; },{},{}"
5427,Black Tea Kochakaden Hat,Upper Headgear,10,2,None,1,Every Job,Black Tea Kochakaden Hat\nAGI +1,"{ bonus bAgi,1; },{},{}"
5404,Blue Ribbon,Upper Headgear,10,1,45,1,Every Job,Blue ribbon which is a symbol of the honor student!\nAdd a chance of auto casting Level 2 Attention Concentrate on the user when the user receives physical damage.,"{ bonus4 bAutoSpellWhenHit,""AC_CONCENTRATION"",2,7,0; },{},{}"
5800,Blush of Groom,Middle Headgear,5,0,None,0,Every Job,A blushing impression of a bridegroom.\nReduces damage from DemiHuman monster by 3%.,"{ bonus2 bSubRace,RC_DemiHuman,3; bonus2 bSubRace,RC_Player_Human,3; },{},{}"
5429,Bogy Cap,Upper Headgear,10,2,None,1,Every Job,A hobgoblin's cute hat.\nIncreases HP and SP recovery rate by 5%.,"{ bonus bHPrecovRate, 5; bonus bSPrecovRate, 5; },{},{}"
5338,Bf Recruiter Hat,Upper Headgear,0,2,10,0,Every Job,A helm with boyfriend wanted ad on it. Let's introduce her to a boy!,"{},{},{}"
5300,Bullock Helm,Upper Headgear,80,2,45,0,Every Job except Novice,Fighter hat of legend that was decorated with an emerald.\nOnly the truly brave can wear it.\nMaximum HP + 100,"{ bonus bMaxHP,100; },{},{}"
5378,Bunny Top Hat,Upper Headgear,30,0,None,0,Every Job,"A cute Red Top hat with Bunny Ears!\nAn energetic Bunny Band, perfect for a magic show!\nAGI +3\nAdds a chance to cast Level 5 Increase Agility when user receives physical damage.","{ bonus bAgi,3; bonus3 bAutoSpellWhenHit,""AL_INCAGI"",5,10; },{},{}"
5414,Camp Fire Hat,Upper Headgear,30,2,None,0,Every Job,When a field camp in the Roman! Campfire hat!\nIncreases resistance to Fire Property by 10%.\nAdds a chance autocast Level 5 Fire Ball on enemy when the user receives Physical Damage.\n...,"{ bonus2 bSubEle,Ele_Fire,10; bonus4 bAutoSpellWhenHit,""MG_FIREBALL"",5,100,1; },{},{}"
5307,Carmen Miranda's Hat,Upper Headgear,40,3,None,0,Every Job,A hat made with tropical fruits. It looks delicious.\nAdd a 5% chance of auto casting Level 1 Wink Charm when the user receives Physical Damage.\nMDEF + 3,"{ bonus bMdef,3; bonus3 bAutoSpellWhenHit,""DC_WINKCHARM"",1,50; },{},{}"
5431,Chicken Hat,Upper Headgear,100,0,30,1,Every Job,Chicken is on your head! It might have alarm option for waking you up in the morning.\nHas a 3% chance to auto casting Loud Exclamation Level 1 when attacking.\nAttack Speed +5%.\nUnrefineable,"{ bonus3 bAutoSpell,""MC_LOUD"",1,30; bonus bAspdRate,5; },{},{}"
5341,Glaris Doll Hat,Upper Headgear,50,0,60,1,Every Job,"So hot! A headgear with the figure of Kafra Glaris! Fascinated by her mature appearance, her advocates call her a teacher.\nReduces damage from Demihuman monster by 5%.\nRecover +50 HP when defeating a monster with a magical attack.\nImpossible to refine this item.","{ bonus2 bSubRace,RC_DemiHuman,5; bonus2 bSubRace,RC_Player_Human,5; bonus bInt,2; bonus bMagicHPGainValue,50; },{},{}"
5131,Close Helmet,"U, M & L Headgear",120,8,75,0,Swordman   Knight   Crusader,"An iron mask which hides the whole face. You can barely feel any blow with this on.\nThe defense power is a great help.\nVIT + 3, Maximum HP + 3%","{ bonus bVit,3; bonus bMaxHPrate,3; },{},{}"
5417,Crown Parrots,Upper Headgear,20,1,None,1,Every Job,Parrot hat on the crown. Loud talking parrot might disgust them.\nAdd a 100% resistance to the Silence status.\nAutomatically cast Level 1 Scream by chance when dealing physical attack.\nImpossible to refine this item.\nINT + 1,"{ bonus bInt,1; bonus2 bResEff,Eff_Silence,10000; bonus3 bAutoSpell,""DC_SCREAM"",1,50; },{},{}"
5373,Dark Randgris Helm,Upper & Middle Headgear,30,2,None,1,Every Job,"A helm laced with the power of Valkyrie Randgris. It helps its wearer to concentrate better.\nDex + 3, Mdef + 1","{ bonus bDex,3; bonus bMdef,1; },{},{}"
5369,Dark Wing,Upper Headgear,10,1,None,0,Every Job,The dark feathers collected to make this mysterious headdress.\nWhen killing a monster there is a chance to obtain an Undead Elemental Scroll.\nUnable to trade.,"{ bonus2 bAddMonsterDropItem,12279,300; },{},{}"
5340,Defolty Doll Hat,Upper Headgear,50,0,60,1,Every Job,"So hot! A headgear with the figure of Kafra Defolty! Numerous users are using Kafra storage more than 20 times a day, fascinated by her smiling face.\nReduces damage from Demihuman monster by 5%.\nAdd a chance of auto casting Level 10 Angelus on the user when the user receives Physical Damage.\nImpossible to refine this item.","{ bonus2 bSubRace,RC_DemiHuman,5; bonus2 bSubRace,RC_Player_Human,5; bonus bStr,2; bonus3 bAutoSpellWhenHit,""AL_ANGELUS"",10,20; },{},{}"
5313,Diadem,Upper & Middle Headgear,10,3,None,1,Every Job,"A crown decorate with jewel of love. Rumor who wear it will meet real love.\nINT + 1, MATK + 3%.\nReduce Casting Time by 3%.","{ bonus bInt,1; bonus bMatkRate,3; bonus bCastrate,-3; },{},{}"
5292,Dragon Skull,Upper Headgear,80,5,50,0,Every Job,Helmet made from Dragon's cranial bone. Has resistences against Dragons.\nReduce damage from Dragon monster by 5%.,"{ bonus2 bSubRace,RC_Dragon,5; },{},{}"
5396,Jasper Crest,Upper Headgear,70,2,None,1,Every Job,"A beautiful headgear with gold ornament and a lovely gemstone in the middle.\nDEX + 3, VIT + 1","{ bonus bDex,3; bonus bVit,1; },{},{}"
5146,Elephant Hat,Upper Headgear,50,0,None,0,Every Job,Rare pachyderm headgear.\nVIT + 1,"{ bonus bVit,1; bonus2 bSubRace,RC_Brute,7; skill ""WZ_WATERBALL"",1; },{},{}"
5282,Europe Baseball Cap,Upper Headgear,20,3,None,1,Every Job,A cap worn to keep the sun from your eyes and focus your sight.,"{},{},{}"
5247,Satanic Helm,Upper Headgear,70,4,None,0,Every Job,"...\nAGI + 1, LUK + 1, MDEF + 3\nReduces damage from Demon monster by 3%.","{ bonus bAgi,1; bonus bLuk,1; bonus bMdef,3; bonus2 bSubRace,RC_Demon,5; },{},{}"
5364,Evil Snake Lord Hat,Upper Headgear,50,2,60,1,Every Job,"A hat used by the Evil Snake Lord. Wearing it makes you feel like an emperor.\nSTR + 1, INT + 1, AGI + 2","{ bonus bStr,1; bonus bInt,1; bonus bAgi,2; },{},{}"
5210,Flapping Angel Wing,Upper Headgear,30,1,10,0,Every Job,"A headgear which looks like an angel flapping its wing.\nIt make you feel dizzy when you wear it, but also makes your body feel light.\nIncreases Attack Speed by 3%.\nReduce Casting Time by 3%.\nINT + 1, AGI + 1","{ bonus bCastrate,-3; bonus bAspdRate,3; bonus bInt,1; bonus bAgi,1; },{},{}"
5047,Fashionable Glasses,Upper Headgear,10,0,None,0,Every Job except Novice,A pair of fashionable sunglasses.,"{},{},{}"
5170,Feather Beret,Upper Headgear,60,1,None,0,Every Job except Novice,"A high class hat with an amazingly stylish look. When the feathers are added, it simply adds to its splendor.\nMDEF + 1\nReduce 10% damage taken from DemiHuman monster.","{ bonus bMdef,1; bonus2 bSubRace,RC_DemiHuman,10; bonus2 bSubRace,RC_Player_Human,10; },{},{}"
5380,Fish Head Hat,Upper Headgear,40,1,None,0,Every Job,A fish head hat with its mouth opening and closing.\nWhen its mouth is open you can smell a strong odor of fish.\nWhen dealing physical damage there is a small chance to cast Level 1 Frost Weapon.,"{ bonus3 bAutoSpell,""SA_FROSTWEAPON"",1,5; },{},{}"
5303,Flower Crown,Upper Headgear,30,1,None,0,Every Job,"Wreath, interlaced in the magic fire from the grasses,\nAssembled during the day of summer solstice. It protects owner from the evil forces.\nMDEF + 5, Maximum SP + 50","{ bonus bMdef,3; bonus bMaxHP,50; },{},{}"
5302,Flower Lily,Upper Headgear,10,1,30,0,Every Job,The hat that resembles a blooming lotus. It is beautiful and graceful.,"{},{},{}"
5056,Fruit of Love,Upper Headgear,10,0,None,0,Every Job,"Hairpin with three red berries attached which symbolize the self, family and neighbor.\nThe stem uniting the three berries together symbolizes society.\nThis hairpin appears to represent cooperation and trust of humankind.","{},{},{}"
5144,Gambler Hat,Upper Headgear,20,2,None,0,Every Job,"It looks like a normal hat from the outside, but in reality it's modified especially for gamblers.\nLUK + 5","{ bonus bLuk,5; },{},{}"
5063,Giant Band Aid,Upper Headgear,10,1,None,0,Every Job except Novice,A hair accessory which looks just like two crossed band aids.,"{},{},{}"
5193,Green Ribbon,Upper Headgear,10,1,None,1,Every Job,"A long piece of cloth rolled into a butterfly shape. It's usually worn by girls, so if a guy wears it, he might be mistaken for a girl.\nMDEF + 3","{ bonus bMdef,3; },{},{}"
5021,Grief for Greed,Upper Headgear,120,4,38,0,Merchant   Blacksmith   Alchemist,"An unique headgear that symbolizes a merchant's grief.\nINT + 1, DEX + 1","{ bonus bInt,1; bonus bDex,1; },{},{}"
5179,Golden Tiara,Upper Headgear,10,0,None,0,Every Job,A gorgeous head decoration made out of shiny gold with a star in the center.\nINT + 2,"{ bonus bInt,2; },{},{}"
5176,Hahoe Mask,Middle & Lower Headgear,10,2,30,0,Every Job,"A traditional Korean Hahoe mask made by carefully carving a smiling face. You can feel the emotions of the wearer just by looking at it.\n[TaeKwon Class]\nLUK + 1, Perfect Dodge + 2","{ if(BaseClass==Job_Taekwon){ bonus bLuk,1; bonus bFlee2,2; } },{},{}"
5001,Headset,Upper Headgear,20,3,None,0,Every Job except Novice,"A strange device that was invented by an old craftsman, but has just recently been completed by his grandson.\nIncreases resistance to Curse status by 10%.","{ bonus2 bResEff,Eff_Curse,1000; },{},{}"
5031,Mine Hat,Upper Headgear,150,4,55,0,Swordman   Acolyte   Merchant   Thief   Knight   Priest   Blacksmith   Assassin   Crusader   Monk   Rogue   Alchemist,A durable safety helmet with a special flashlight attachment for exploring dark areas.\nDEX + 2,"{ bonus bDex,2; },{},{}"
5025,Helm of Angel,Upper Headgear,160,5,74,0,Knight   Priest   Wizard   Blacksmith   Hunter   Assassin   Crusader   Monk   Sage   Rogue   Alchemist   Bard / Dancer   Star Gladiator   Soul Linker,"A wondrous helmet adorned with angel wings that was made by a smithing genius.\nAGI + 1, LUK + 1, MDEF + 3","{ bonus bAgi,1; bonus bLuk,1; bonus bMdef,3; },{},{}"
5061,Flower Hairpin,Upper Headgear,10,1,None,0,Every Job,A hairpin with a red flower attached. It helps hold hair in place.,"{},{},{}"
5139,Hibiscus,Upper Headgear,20,0,10,0,Every Job,"A flower that is said to have beauty like a goddess from a far east country. It is also used for fortune telling or Chinese medicine.\nDEX + 1, INT + 1\nMDEF + 5\nImpossible to refine this item.","{ bonus bDex,1; bonus bInt,1; bonus bMdef,5; },{},{}"
5070,Hot-blooded Headband,Upper Headgear,10,1,None,0,Every Job except Novice,A headgear which symbolizes hot-blooded challenge and battle vigor.\nSTR + 2,"{ bonus bStr,2; },{},{}"
5071,Indian Headband,Upper Headgear,20,1,None,0,Every Job except Novice,"A tribal headgear adorned with a long, white feather.\nDEX + 1","{ bonus bDex,1; },{},{}"
5173,Magistrate Hat,Upper Headgear,40,3,60,1,Every Job,"An ancient Korean hat, which would be worn by high class rulers or judges.\n[TaeKwon Class]\nAGI + 1, HP Recovery + 3%","{ if(BaseClass==Job_Taekwon){ bonus bAgi,1; bonus bHPrecovRate,3; } },{},{}"
5321,Bandana Merah Putih,Upper Headgear,50,2,None,0,Every Job,"A special bandana that shows the courage of Indonesian patriots.\nAdd a low chance of gaining Honey when a monster gets killed.\n[Event Bonus, will NOT work outside of Event]\nIncrease Attack Speed. Enable full HP and SP restoration when resurrected.\nAdd a 5% of auto casting Level 3 Heal on the user when the user receives Physical Damage.\nDEF + 4, MDEF + 4, All Stats + 5","{},{},{}"
5374,Gigantic Majestic Goat,Upper Headgear,80,5,None,0,Every Job,"A headgear made from the horns of Baphomet.\nIncreases physical damage to the Demi Human monster by 12%.\nAs your JOB Level increases,the helm grants additional ATK.","{ bonus2 bAddRace,RC_DemiHuman,12; bonus2 bAddRace,RC_Player_Human,12; bonus bBaseAtk,(JobLevel*2)/7; },{},{}"
2240,Beard,Lower Headgear,10,0,None,0,Every Job,Beard,"{},{},{}"
5405,Filir Hat,Upper Headgear,20,0,80,0,Every Job,A gentle Filir. He's way too gentle that he doesn't attack at all.\nReflect 1% of all physical melee damage back to the enemy which inflicted it.\nImpossible to refine this item.,"{ bonus bShortWeaponDamageReturn, 1; },{},{}"
5410,Brown Paperbag Hat,"U, M & L Headgear",20,6,None,0,Every Job,"A hat in the form of an upside-down paperbag, to celebrate the festival.\nReduces damage from Demihuman monster by 4%.\nAdd a 4% resistance against Stun, Max HP + 100","{ bonus bMaxHP,100; bonus2 bResEff, Eff_Stun, 400; bonus2 bSubRace,RC_DemiHuman,4; bonus2 bSubRace,RC_Player_Human,4; },{},{}"
5421,Ears Of Ifrit,Middle Headgear,0,0,70,0,Every Job except Novice,"A headgear which imitates an ears of Ifrit, the spiritual owner of fire.\nSTR + 1, Mdef + 3\nIncreases damage of Fire Bolt, Fire Pillar, Meteor Storm skill by 2%.\nIncreases damage of Bash, Magnum Break, Pierce skill by 2%.\nIncrease resistance against Fire Property attack by 5%.\nDecrease resistance against Water Property attack by 5%.",
5424,Fanta Orange Can Hat,Upper Headgear,10,2,None,1,Every Job,Fanta Orange Can Hat. A refreshing orange drink.,"{},{},{}"
5425,Fanta Grape Can Hat,Upper Headgear,10,2,None,1,Every Job,Fanta Grape Can Hat. A refreshing grape drink.,"{},{},{}"
5276,Fantastic Wig,Upper & Middle Headgear,10,1,None,0,Every Job,"Wig with Red, White and Black colors.\nIncreases Movement Speed when equipped.\nDEF + 4\nEnables use of Level 1 Hiding.","{ bonus bSpeedRate,25; bonus bDef,4; skill ""TF_HIDING"",1; },{},{ sc_end SC_HIDING; }"
5156,Father's Mask,Lower Headgear,10,0,None,0,Every Job,Mask used by father. Should be very useful when one catches a cold.\nMATK + 1%,"{ bonus bMatkRate,1; },{},{}"
5154,Father's Sunglasses,Middle Headgear,10,3,None,0,Every Job,Fashionable yet strict-looking sunglasses which is usually worn by the father.,"{},{},{}"
5155,Father's White Moustache,Lower Headgear,10,0,None,0,Every Job,A fake white beard which is made according to the beard of father. It's thick and strict looking.\nATK + 20,"{ bonus bBaseAtk,20; },{},{}"
5018,Feather Bonnet,Upper Headgear,30,4,None,0,Archer   Hunter   Bard / Dancer,"A fabulous, feathered hat that turns men into womanizers and women into manizers.\nAGI + 1","{ bonus bAgi,1; },{},{}"
5403,Fish In Mouth,Lower Headgear,20,0,30,0,Every Job,"A fish that can bite in mouth. It smells bad, but it won't be rot by special process.\nAdd a 5% chance of getting Fresh Fish when a monster gets killed.\nFresh Fish recovery rate + 25%.","{ bonus2 bAddMonsterDropItem,579,500; bonus2 bAddItemHealRate,579,25; },{},{}"
5317,Fisherman's Hat,Upper Headgear,10,2,50,0,Every Job,This sturdy and fireproof light yellow hat is fisherman's favorite. It protects your head from passing rain or sunlight.\nAdd a 5% chance of auto casting Level 3 Waterball on the enemy when attacking.,"{ bonus3 bAutoSpell,""WZ_WATERBALL"",3,50; },{},{}"
5269,Flapping Angel Wing,Upper Headgear,30,1,10,0,Every Job,"A headgear which looks like an angel flapping its wing.\nIt make you feel dizzy when you wear it, but also makes your body feel light.\nAGI +1, INT +1\nASPD +3%\nMovement speed +25%","{ bonus bInt,1; bonus bAgi,1; bonus bAspdRate,3; bonus bSpeedRate,25; },{},{}"
5334,Flapping Angeling,Upper Headgear,70,0,38,0,Every Job,Angeling hat with the pathetic mind of an Angeling who wants to fly.\nLUK + 2\nMDEF + 2\nImpossible to refine this item.,"{ bonus bLuk,2; bonus bMdef,2; },{},{}"
5376,Flying Evil Wing,Upper Headgear,10,3,None,1,Every Job,Satanic Wings forged with an unholy incantation.\nMaxSP +120\nAdds a chance of casting Curse on the user while receiving Physical Damage.,"{ bonus bMaxSP,120; bonus2 bAddEff2,Eff_Curse,300; },{},{}"
5400,Fox Hat,"U, M & L Headgear",20,0,None,0,Every Job,Anyone wearing a mask to make you look smart.\nLUK + 1,"{ bonus bLuk,1; },{},{}"
5339,Friend Recruiter Hat,Upper Headgear,0,2,10,0,Every Job,A helm with friend wanted ad on it. Do you have many friends?,"{},{},{}"
5361,Gangster Scarf,Lower Headgear,10,0,60,0,Every Job,School scarf from a gang.\nATK + 5\n[Rogue Class]\nEnables use of Level 1 Gangster's Paradise.,"{ bonus bBaseAtk,5; if(BaseJob==Job_Rogue) skill ""RG_GANGSTER"",1; },{},{}"
5377,Gentleman's Pipe,Lower Headgear,10,0,None,0,Every Job,A long smoking pipe used by gentlemen and nobility.\nDecreases damage from Demi Human monster by 2%.,"{ bonus2 bSubRace,RC_DemiHuman,2; bonus2 bSubRace,RC_Player_Human,2; },{},{}"
5346,Gf Recruiter Hat,Upper Headgear,0,2,10,0,Every Job,A helm with a girlfriend wanted ad on it. Let's introduce him to a girl!,"{},{},{}"
5433,Golden Laurel,Upper Headgear,10,0,None,0,Every Job,The ancient Greek were used during the Olympic Games to resemble a Golden Laurel Crown of olive leaves.,"{},{},{}"
5262,Golden Tiara,Upper Headgear,50,2,None,0,Every Job,"A gorgeous head decoration made out of shiny gold with a star in the center.\nSTR + 2. Indestructible (except in upgrade attempts).\nIf worn by Swordman, Merchant or Thief classes and the character's base DEX is lower than 55,\nDEX bonus increases according to the wearer's job level.","{ bonus bStr,2; bonus bUnbreakableHelm; if((readparam(bDex)<56)&&(BaseClass==Job_Swordman||BaseClass==Job_Merchant||BaseClass==Job_Thief)) bonus bDex,JobLevel/7; },{},{}"
5336,Guildsman Recruiter Hat,Upper Headgear,0,2,10,0,Every Job,A helm with Guild Member wanted ad on it. Won't you join us?,"{},{},{}"
5273,Happy Wig,Upper & Middle Headgear,10,1,None,0,Every Job,"Wig with Green, White and Red colors.\nIncreases Movement Speed when equipped.\nDEF + 4\nEnables use of Level 1 Hiding.","{ bonus bSpeedRate,25; bonus bDef,4; skill ""TF_HIDING"",1; },{},{ sc_end SC_HIDING; }"
5319,Hello Mother Hat,Upper Headgear,20,2,10,0,Every Job except Novice,A blue lovely hat for the love of mother.\nLUK + 3,"{ bonus bLuk,3; },{},{}"
5363,Helm Of Abyss,Upper Headgear,100,2,70,1,Swordman   Merchant   Thief   Knight   Blacksmith   Assassin   Crusader   Rogue   Alchemist,"A helm worn by the Abysmal Knight. While strong against powerful blows, it's weak against frail attacks.\nReduces damage taken from Boss monsters by 10%.\nIncreases damage taken from DemiHuman by 10%.","{ bonus2 bSubRace,RC_DemiHuman,-10; bonus2 bSubRace,RC_Player_Human,-10; bonus2 bSubClass,Class_Boss,10; },{},{}"
5314,Hockey Mask,Middle & Lower Headgear,10,1,50,0,Every Job,A mask for playing Hockey when wear it and then feel like hold weapon.\nIncrease damage on DemiHuman monster by 5%.,"{ bonus2 bAddRace,RC_DemiHuman,5; bonus2 bAddRace,RC_Player_Human,5; },{},{}"
5360,Hyuke's Black Cat Ears,Upper Headgear,20,2,45,0,Every Job,"Wickebine's black cat ears.\nFLEE +10\nCRIT +3\nCritical damage +10%,\nReduce defense by 50%.","{ bonus bFlee,10; bonus bCritical,3; bonus bCritAtkRate,10; bonus bDefRate,-50; bonus bDef2Rate,-50; },{},{}"
5383,Hunter's Cap,Upper Headgear,25,3,50,1,Every Job except Novice,A hat for hunters! Good Luck!\nRumor who wear it will have a good fortune when hunting monster at the time.\nIncreases damage inflicted on Brute monster by 10%.\nIncreases physical attack against Demi human monster by 5%.\nLUK + 1,"{ bonus bLuk,1; bonus2 bAddRace,RC_Brute,10; bonus2 bAddRace,RC_Player_Doram,10; bonus2 bAddRace,RC_DemiHuman,5; bonus2 bAddRace,RC_Player_Human,5; },{},{}"
5423,I Love China,Upper Headgear,25,5,None,0,Every Job,A heart pounding hat that shows the love for China.\nDEX +3\nIncrease resistance against Demihuman monster by 10%.\nUnrefineable,"{ bonus bDex,3; bonus2 bSubRace,RC_DemiHuman,10; bonus2 bSubRace,RC_Player_Human,10; },{},{}"
5209,Love Dad Cap,Upper Headgear,30,2,None,0,Every Job,A yellow cap worn to keep the sun from your eyes.,"{},{},{}"
5371,Judge Hat,Upper & Middle Headgear,30,2,None,0,Every Job,"The helmet worned by capable judge. It exsist for justice.\nLUK + 1, SP + 30","{ bonus bLuk,1; bonus bMaxSP,30; },{},{}"
5426,Karada Meguricha Hat,Upper Headgear,10,2,None,1,Every Job,Karada Meguricha Hat.\nLUK +1,"{ bonus bLuk,1; },{},{}"
5322,Kerchief,Upper Headgear,10,2,24,0,Every Job,"Wonderful Kerchief for that loved.\nFlee Rate + 5, MDEF + 2","{ bonus bMdef,2; bonus bFlee,5; },{},{}"
5291,Kettle Hat,Upper Headgear,60,4,30,0,Every Job,"A kettle on your head guarantees the wearer high defense. If you move too quickly, water might be spilled.\nAdd a 3% chance of auto casting Level 2 Deluge on the user when attacking.\nAdd a 3% chance of auto casting Level 3 Water Ball on the enemy when attacking.","{ bonus4 bAutoSpell,""SA_DELUGE"",2,10,0; bonus3 bAutoSpell,""WZ_WATERBALL"",3,10; },{},{}"
5372,Koneko Hat,Upper Headgear,50,1,None,0,Every Job,A magical kitty hat which shows various expressions in its face.\nINT + 1. MATK + 3%. Reduces after-cast skill delay by 3%. Maximum SP + 3%. MDEF + 3,"{ bonus bInt,1; bonus bDelayRate,-3; bonus bMatkRate,3; bonus bMaxSPrate,3; bonus bMdef,3; },{},{}"
5311,Large Hisbiscus,Upper Headgear,10,1,None,1,Every Job,A hairpin make by the biggest Chinese rose. Only can found at Ayothaya.\nMDEF + 15,"{ bonus bMdef,15; },{},{}"
5418,Legionnaire Hat,Upper Headgear,40,4,None,1,Every Job,It's feel like you're on the marching band just by wearing this hat.\nSTR +1\nIncrease 3% physical damage to all monsters.\nIncreases SP Consumption of skills by 10%.,"{ bonus bStr,1; bonus2 bAddClass,Class_All,3; bonus bUseSPrate,10; },{},{}"
5422,Linguistic Book Hat,Upper Headgear,7,0,None,0,Every Job,A stylish stack of geology text books.\nINT +1\nMDEF +2,"{ bonus bInt,1; bonus bMdef,2; },{},{}"
5324,Little Angel Doll,Upper Headgear,30,2,10,0,Every Job,"A doll looks like an angel. It is used as a sacrifice when Blacksmiths perform a worship for the God.\nDEX + 3, Add a chance of auto casting Level 3 Grand Cross on the user when the user receives Physical Damage.","{ bonus bDex,3; bonus4 bAutoSpellWhenHit,""CR_GRANDCROSS"",3,30,0; },{},{}"
5448,Soloplay Box1,"U, M & L Headgear",30,0,None,1,Every Job,A yellow cardboard box with holes for the eyes.\nWearing this box lets you feel what it's like to play alone.,"{},{},{}"
5449,Soloplay Box2,"U, M & L Headgear",30,0,None,1,Every Job,A yellow cardboard box with holes for the eyes.\nWearing this box lets you feel what it's like to play alone.,"{},{},{}"
5332,Loki Mask,Middle & Lower Headgear,20,0,20,0,Every Job,A mask that imbued with the sweet whispers of Loki.\nPerfect Dodge + 3,"{ bonus bFlee2,3; },{},{}"
5392,Louyang NewYear Hat,Upper Headgear,30,3,None,1,Every Job,"A gift hat for kids made by a famous Whitesmith who resides in Louyang.\nThe materials used for the red color of the hat is meant to bring Luck and Fortune to those that wear it.\nLUK + 2.\n(During Event Period: Every time you kill a monster, small chance to drop Red Envelope for a week at celebration of Imlek.)","{ bonus bLuk,2; },{},{}"
5803,Love Flower Hat,Upper Headgear,10,2,None,0,Every Job,A bandana which made from affection flower network.Chance of getting Yggdrasilseed when a monster gets killed.\nImpossible to refine this item.,"{ bonus2 bAddMonsterDropItem,608,100; },{},{}"
5393,Love Valentine's Hat,Upper Headgear,20,2,None,0,Every Job,A hat which showed that you were falling in love!\nYou will feel stronger because strength of your love will make you powerful!\nMaximum HP & SP + 7%.\nImpossible to refine this item.,"{ bonus bMaxSPrate, 7; bonus bMaxHPrate, 7; },{},{}"
5365,Magnolia Hat,Upper Headgear,10,3,None,1,Every Job,What looks like a sunny side up egg on your head is really a furious magnolia monster.\nEnables use of Level 1 Flasher.\nAdds 5% resistance to the Stun.\nImpossible to refine this item.,"{ bonus2 bResEff,Eff_Stun,500; skill ""HT_FLASHER"",1; },{},{}"
5143,Kabuki Mask,"U, M & L Headgear",100,5,30,1,Every Job except Novice,Traditional art mask from far eastern country.\nIncrease resistance to Silence status by 30%.,"{ bonus2 bResEff,Eff_Silence,3000; },{},{}"
5020,Kafra Band,Upper Headgear,50,3,None,0,Every Job,The most recognizable piece of the standard Kafra Employee uniform.\nMDEF + 3,"{ bonus bMdef,3; },{},{}"
5140,Charming Ribbon,Upper Headgear,40,1,10,1,Every Job,A pretty ribbon made from a red string with a pink heart in the middle.\nReduces damage from Undead and Demon enemies by 5%.,"{ bonus2 bSubRace,RC_Undead,5; bonus2 bSubRace,RC_Demon,5; },{},{}"
5069,Kitsune Mask,Upper Headgear,30,1,None,0,Every Job except Novice,A mask rumored to have been worn by certain assassins in order to hide themselves.\nAGI + 1\nLUK + 1,"{ bonus bAgi,1; bonus bLuk,1; },{},{}"
5185,Laurel Wreath,Upper Headgear,10,1,10,1,Every Job,A ring of closely knit branches covered with green leaves and beautiful flowers. Wearing this feels very refreshing.\nLUK + 3\nIncrease resistance to Blind and Curse by 5%.,"{ bonus bLuk,3; bonus2 bResEff,Eff_Blind,500; bonus2 bResEff,Eff_Curse,500; },{},{}"
5130,Lion Mask,Upper & Middle Headgear,70,0,75,0,Knight   Priest   Wizard   Blacksmith   Hunter   Assassin   Crusader   Monk   Sage   Rogue   Alchemist   Bard / Dancer   Star Gladiator   Soul Linker,Head of a fierce animal that lives deep in forests\nEnemies tremble and become speechless when encountering this beast.\nAdd a 5% chance of auto casting Silence on enemies.\nMDEF + 1,"{ bonus2 bAddEffWhenHit,Eff_Silence,500; bonus bMdef,1; },{},{}"
5177,Mythical Lion Mask,Upper & Middle Headgear,50,5,40,1,Every Job,A Korean traditional mask made to resemble a lion. The threatening look of the mask is quite frightning to see.\n[TaeKwon Class]\nDEX + 2\nATK increases by Refine Rate * 2\nAdd a 10% chance of auto casting Stun on the enemy when attacking.,"{ if(BaseClass==Job_Taekwon){ bonus bDex,2; bonus bBaseAtk,2*getrefine(); bonus3 bAddEff,Eff_Stun,1000,ATF_SHORT; } },{},{}"
5084,Lazy Smokie,Upper Headgear,50,1,None,0,Every Job except Novice,A headgear made to look like an annoyed Smokie exhausted by the summer heat.\nAdds 20% resistance against Sleep.,"{ bonus2 bResEff,Eff_Sleep,2000; },{},{}"
5027,Mage Hat,Upper Headgear,30,1,None,0,Mage   Wizard   Sage   Soul Linker,"A stylish formal hat that talented magicians usually wear during a show.\nINT + 2, Maximum SP + 150","{ bonus bInt,2; bonus bMaxSP,150; },{},{}"
5241,Blue Mage Hat,Upper Headgear,30,1,None,0,Mage   Wizard   Sage   Soul Linker,"A stylish formal hat that talented magicians usually wear during a show.\nINT + 2, SP + 150\n(All transfer methods except Kafra Storage are locked)","{ bonus bInt,2; bonus bMaxSP,150; },{},{}"
5240,Brown Mage Hat,Upper Headgear,30,1,None,0,Mage   Wizard   Sage   Soul Linker,"A stylish formal hat that talented magicians usually wear during a show.\nINT + 2, SP + 150\n(All transfer methods except Kafra Storage are locked)","{ bonus bInt,2; bonus bMaxSP,150; },{},{}"
5238,Red Mage Hat,Upper Headgear,30,1,None,0,Mage   Wizard   Sage   Soul Linker,"A stylish formal hat that talented magicians usually wear during a show.\nINT + 2, SP + 150\n(All transfer methods except Kafra Storage are locked)","{ bonus bInt,2; bonus bMaxSP,150; },{},{}"
5239,Gray Mage Hat,Upper Headgear,30,1,None,0,Mage   Wizard   Sage   Soul Linker,"A stylish formal hat that talented magicians usually wear during a show.\nINT + 2, SP + 150\n(All transfer methods except Kafra Storage are locked)","{ bonus bInt,2; bonus bMaxSP,150; },{},{}"
5242,Yellow Mage Hat,Upper Headgear,30,1,None,0,Mage   Wizard   Sage   Soul Linker,"A stylish formal hat that talented magicians usually wear during a show.\nINT + 2, SP + 150\n(All transfer methods except Kafra Storage are locked)","{ bonus bInt,2; bonus bMaxSP,150; },{},{}"
5054,Assassin Mask,Lower Headgear,10,0,70,0,Priest   Assassin,An exclusive mask for assassins. Covers most of the face.,"{},{},{}"
5187,Twin Ribbon,Upper Headgear,20,0,30,1,Every Job,"A blue flower decorated with a beatiful red ribbon. Its said to make girls look absolutely lovely.\nMaximum SP + 30, MDEF + 3.\nWhen receiving physical attack, has a chance to reduce all physical damage taken by 20% for 2 seconds while MDEF decreases by 20% for that 2 seconds.\nWhen receiving magical attack, has a chance to reduce all magical damage taken by 20% for 2 seconds while DEF decreases by 20% for that 2 seconds.","{ bonus bMaxSP,30; bonus bMdef,3; bonus3 bAutoSpellWhenHit,""NPC_STONESKIN"",6,10; bonus5 bAutoSpellWhenHit,""NPC_ANTIMAGIC"",6,120,BF_MAGIC,0; },{},{}"
5138,Magic Eyes,Upper Headgear,30,1,30,0,Mage   Wizard   Sage   Soul Linker,"A hat which bears the symbol of the eyes of guiding spirits.\nIt is said if you watch it, you may see the eyes move on their own.\nReduce Casting Time by 10%. Increases SP consumption of skills by 20%.\nMDEF + 5","{ bonus bMdef,5; bonus bCastrate,-10; bonus bUseSPrate,20; },{},{}"
5099,Neko Mimi,Upper Headgear,30,1,None,0,Every Job,A cute cat-looking hat which enhances its wearer's look.\nHas a cat tail which emphasizes the appearance.\nLUK + 2\nMDEF + 10\nReduce 5% of damage taken from Brute monster.,"{ bonus bLuk,2; bonus bMdef,10; bonus2 bSubRace,RC_Brute,5; bonus2 bSubRace,RC_Player_Doram,5; },{},{}"
5081,Crown of Mistress,Upper Headgear,10,0,75,0,Every Job except Novice,"A crown which is made after the one worn by Mistress.\nINT + 2, Maximum SP + 100\nIndestructible (except in upgrade attempts).","{ bonus bMaxSP,100; bonus bInt,2; bonus bUnbreakableHelm; },{},{}"
5073,Model Training Hat,Upper Headgear,70,2,None,0,Every Job except Novice,A headgear made of a book topped with an apple. Wear it to learn glamorous posture.\nDEX + 2,"{ bonus bDex,2; },{},{}"
5117,Mystic Rose,Upper Headgear,10,0,None,0,Every Job,"A hat that looks just like a white rose, which enhances the beauty of its wearer.\nReduces 2% of the damage taken from Plant monster.","{ bonus2 bSubRace,RC_Plant,2; },{},{}"
5183,Bird Nest Hat,Upper Headgear,50,2,10,0,Every Job,"A nest housing a family of birds. You feel the need to protect it from harm.\nDEX + 1, AGI + 1\nIncrease resistance to the Stun status by 10%.","{ bonus bDex,1; bonus bAgi,1; bonus2 bResEff,Eff_Stun,1000; },{},{}"
5151,Note Headphones,Upper & Middle Headgear,20,4,None,1,Every Job,A cool looking set of headphones that have earmuffs designed to resemble music notes.\nYou can listen to your favorite Ragnarok Online music everywhere!\nIncrease resistance to Stun and Freeze by 10%.\nMDEF + 3,"{ bonus bMdef,3; bonus2 bResEff,Eff_Stun,1000; bonus2 bResEff,Eff_Freeze,1000; },{},{}"
2281,Opera Masque,Middle & Lower Headgear,20,2,None,0,Every Job except Novice,A mysterious mask traditionally worn by opera phantoms.,"{},{},{}"
5043,Opera Phantom Mask,Middle Headgear,20,1,20,0,Every Job except Novice,A mask rumored to have been worn by a romantic hero with an unknown fate.,"{},{},{}"
5094,Helmet of Orc Hero,Upper & Middle Headgear,90,5,55,0,Every Job except Novice,A headgear bestowed only to true Orc Heroes.\nSTR + 2\nVIT + 1,"{ bonus bStr,2; bonus bVit,1; },{},{}"
5196,Orange Ribbon,Upper Headgear,10,1,None,1,Every Job,"A long piece of cloth rolled into a butterfly shape. It's usually worn by girls, so if a guy wears it, he might be mistaken for a girl.\nMDEF + 3","{ bonus bMdef,3; },{},{}"
5078,Sea-Otter Hat,Upper Headgear,80,3,50,0,Every Job,A hat which looks like the face of a sea-otter.\nVIT + 1,"{ bonus bVit,1; },{},{}"
5004,Oxygen Mask,Lower Headgear,20,0,None,0,Every Job except Novice,"Ideal for situations when air is poisonous or polluted, this mask supplies pure oxygen to its wearer.\nIncreases resistance to the Poison status by 20%.","{ bonus2 bResEff,Eff_Poison,2000; },{},{}"
5275,Marvelous Wig,Upper & Middle Headgear,10,1,None,0,Every Job,"Wig with Pink, White and Purple colors.\nIncreases Movement Speed when equipped.\nDEF + 4\nEnables use of Level 1 Hiding.","{ bonus bSpeedRate,25; bonus bDef,4; skill ""TF_HIDING"",1; },{},{ sc_end SC_HIDING; }"
5389,Angel Spirit,Middle Headgear,20,0,30,0,Every Job,"A golden mask rumored to be worn by some ancient Goddess.\nHIT + 15, STR + 2","{ bonus bStr,2; bonus bHit,15; },{},{}"
5420,Mask Of Ifrit,"U, M & L Headgear",0,8,70,0,Every Job except Novice,"Mask of Ifrit, the spiritual owner of fire. Rumored to rule a power of the fire.\nSTR + 1, INT + 1, Mdef + 5\nIncreases resistence against against Fire Property attack by 10%.\nDecreases resistence against Water Property attack by 10%.\nEnables use of Level 1 Sight.\nAdd a chance of auto casting Level 3 Meteor Storm when the user receives Physical Damage.\nAdd a chance of auto casting Level 3 Fire Bolt when dealing physical damage.\nImpossible to refine this item.","{ bonus bStr,1; bonus bInt,1; bonus bMdef,5; bonus2 bSubEle,Ele_Fire,10; bonus2 bSubEle,Ele_Water,-10; skill ""MG_SIGHT"",1; bonus3 bAutoSpellWhenHit,""WZ_METEOR"",3,50; bonus3 bAutoSpell,""MG_FIREBOLT"",3,50; },{},{ sc_end SC_SIGHT; }"
5323,Misstrance Crown,Upper Headgear,0,10,None,0,Every Job,The adventurers who are brave the item which is provided from the hazard adventurer guild.\nAll Stats + 2\nImpossible to refine this item.,"{ bonus bAllStats,2; },{},{}"
5806,Poet Natalie's Hat,Upper Headgear,30,5,None,0,Every Job,"A hat of Poet Natalia, its made from reed and bamboo.","{},{},{}"
5315,Observer,Middle Headgear,10,1,35,0,Every Job,An equipment can check energy. Look like where come from another world.\nEnables use of Level 1 Sense.,"{ skill ""WZ_ESTIMATION"",1; },{},{}"
5807,October Fest Cap,Upper Headgear,10,1,50,0,Every Job except Novice,The cap which makes you look better in the fest.\nAdds chance of auto casting Level 5 Tarot Card Of Fate on the enemy when attacking.,"{},{},{}"
5375,Orc Hero Headdress,Upper & Middle Headgear,90,5,None,1,Every Job,A true Orc Hero's headgear. It's so big and heavy that it might hurt your neck.\nSTR + 2\nAdd a 3% chance of auto casting Level 3 Weapon Perfection on the user when receives Physical Damage.,"{ bonus bStr,2; bonus3 bAutoSpellWhenHit,""BS_WEAPONPERFECT"",3,10; },{},{}"
5370,Orchid Hairband,Upper Headgear,20,1,None,0,Every Job,A hair band made by orchid and it smells like a scent of a flower.\nINT + 1,"{ bonus bInt,1; },{},{}"
5060,Party Hat,Upper Headgear,30,3,None,0,Every Job,A festive hat for celebrations and any kind of party.\nLUK + 1,"{ bonus bLuk,1; },{},{}"
5299,Pagdayaw,"U, M & L Headgear",10,1,None,1,Every Job,An headgear which is made of many kinds of property rings. It looks very luxurious and charming.\nAdd a 5% chance of auto casting Level 1 Scream on an enemy when the user receives Physical Damage.,"{ bonus3 bAutoSpell,""DC_SCREAM"",1,50; },{},{}"
5023,Parcel Hat,Upper Headgear,100,0,None,0,Merchant   Blacksmith   Alchemist,"A large piece of cloth, usually polka dotted, that is wrapped around goods which are then carried on the head.","{},{},{}"
5286,Pecopeco Hairband,Upper Headgear,0,3,70,0,Every Job,"Looks like that it has wings of Pecopeco. Can make you move as fast as Pecopeco.\nIncreases Movement Speed by 25%, but decreases Attack Speed by 10% and increases Cast Time by 25%.","{ bonus bSpeedRate,25; bonus bAspdRate,-10; bonus bCastrate,25; },{},{}"
5271,Phoenix Crown,Upper & Middle Headgear,50,4,None,1,Every Job,"A heavy looking hat with blue and silver jewery decorations. It will match with magnificent events.\nMDEF + 3\nDepends on its Upgrade Level, damage from Boss monsters reduces.","{ bonus bMdef,3; bonus2 bSubClass,Class_Boss,getrefine(); },{},{}"
5352,Poporing Cap,Upper Headgear,70,2,38,0,Every Job except Novice,"It looks like a Poporing, but don't worry about the poison!","{},{},{}"
2293,Pretend Murdered,Upper Headgear,10,1,None,0,Every Job,A stage prop that creates the illusion that the wearer has a knife sticking out of his head.,"{},{},{}"
5194,Pink Ribbon,Upper Headgear,10,1,None,1,Every Job,"A long piece of cloth rolled into a butterfly shape. It's usually worn by girls, so if a guy wears it, he might be mistaken for a girl.\nMDEF + 3","{ bonus bMdef,3; },{},{}"
5202,Fantastic Pumpkin-Head,Upper Headgear,20,2,None,0,Every Job,Hat of Pumpkin is a very unique item which makes the wearer look like Pumpkin Jack.\nAdd a 5% resistance against  Demon monster.\nGain a candy item when killing monsters of DemiHuman type by low chance.,"{ bonus2 bSubRace,RC_Demon,5; },{},{}"
5182,Puppy Hat,Upper Headgear,50,2,30,0,Every Job,A light brown puppy dog. It looks quite cute sitting on your head.\nAGI + 1\nAdd a 1% chance of auto casting Level 1 Gloria when attacking.\n[Base Agility >= 77]\nAdd a chance casting Level 1 Gloria is increased to 3%.\nImpossible to refine this item.,"{ bonus bAgi,1; bonus3 bAutoSpell,""PR_GLORIA"",1,10+20*(readparam(bAgi)>=77); },{},{}"
5213,Sheila Hairnet,Upper Headgear,20,2,None,0,Every Job,"Hair lace specially designed for the sexy you!\nYou will capture the attention of other males when you wear it Sexy rating will be increased by 100%.\nAGI + 2, MDEF + 3","{ bonus bAgi,2; bonus bMdef,3; },{},{}"
5033,Raccoon Hat,Upper Headgear,90,3,50,0,Every Job except Novice,"A hat created in the form of Smokie, the Raccoon monster.","{},{},{}"
5039,Rainbow Eggshell,Upper Headgear,40,4,19,0,Every Job,A mysteriously colorful egg shell.\nIt is impossible to upgrade this item.,"{},{},{}"
5288,Red Glasses,Middle Headgear,0,1,None,0,Every Job,Must-have item for the pretty. Can make users 3 times more beautiful.\nINT + 1,"{ bonus bInt,1; },{},{}"
5195,Red Ribbon,Upper Headgear,10,1,None,1,Every Job,"A long piece of cloth rolled into a butterfly shape. It's usually worn by girls, so if a guy wears it, he might be mistaken for a girl.\nMDEF + 3","{ bonus bMdef,3; },{},{}"
5211,Dress Hat,Upper Headgear,20,2,20,1,Every Job,"An adorable hat which is always worn on the side of head.\nIf the wearer carries an umbrella with this hat on, the wearer will look as if one is going for a picnic.\nMDEF + 7\nIncreases ATK, MATK 2%, effectiveness of Heal skill 5%.\nAdditional ATK, MATK 1% effectiveness of Heal skill 1%, when upgraded lv 7 or more.\nSTR + 1, INT + 1","{ bonus bMdef,7; bonus bStr,1; bonus bInt,1; bonus2 bAddClass,Class_All,2; bonus bMAtkRate,2; bonus bHealPower,5; if(getrefine()>=7) { bonus2 bAddClass,Class_All,1; bonus bMAtkRate,1; bonus bHealPower,1; } },{},{}"
5208,Rideword Hat,Upper Headgear,30,2,40,1,Every Job except Novice,A hat made in the image of a scary magical book which attacks human.\nHas a 5% chance to absorb 8% of the damage as HP when physically attacking.\nHas a 1% chance to absorb 4% of the damage as SP when physically attacking.\nYou lose 10 HP per 5 seconds when equipped.,"{ bonus2 bHPDrainRate,50,8; bonus2 bSPDrainRate,10,4; bonus2 bHPLossRate,10,5000; },{},{}"
5083,Red Ribbon,Upper Headgear,20,1,45,0,Every Job,A big red ribbon made in the style of the one worn by a legendary female shaman who loved nature.\nMDEF + 10,"{ bonus bMdef,10; },{},{}"
2280,Sakkat,Upper Headgear,30,3,None,0,Every Job,"A rustic hat knit from rough reeds and bamboos that shields against the rain and the glare of the sun.\nSsaurabi, the ancient Korean warrior, was known to wear one of these.\nAGI + 1","{ bonus bAgi,1; },{},{}"
5100,Sales Banner,Upper Headgear,80,0,75,0,Every Job,"A banner which has the word 'Sale' written on the surface.\nSeems to be useful for opening vending shops.\nSTR + 1, AGI + 1, LUK + 1","{ bonus bStr,1; bonus bAgi,1; bonus bLuk,1; },{},{}"
5067,Sombrero,Upper Headgear,35,4,None,0,Every Job except Novice,"A traditional Mexican hat with a wide, round brim.\nAGI + 1","{ bonus bAgi,1; },{},{}"
5133,Sheep Hat,Upper Headgear,15,1,None,0,Acolyte   Priest   Monk,A lovely Hat made to look like a sheep's head. So cute that it makes the attackers feels bad.\nReflect 5% of all Physical Melee Damage back to the enemy which inflicted it.,"{ bonus bShortWeaponDamageReturn,5; },{},{}"
5149,Silver Tiara,Upper Headgear,10,0,None,0,Every Job,A head decoration made out of shiny silver with a star in the center.\nINT + 2,"{ bonus bInt,2; },{},{}"
5064,Smokie Leaf,Upper Headgear,10,1,None,0,Every Job,A leaf which rumored to be worn by the Smokie monster for transformations.,"{},{},{}"
2278,Mr. Smile,Middle & Lower Headgear,10,1,None,0,Every Job,A simple mask with a smile carved into it.,"{},{},{}"
5203,Smiling Mask,Middle & Lower Headgear,20,2,None,0,Every Job,"A mask with mischievous expressions, suitable to be worn by kids.\nIncreases Movement Speed by 5% when equipped.","{ bonus bSpeedRate,25; },{},{}"
5212,Satellite Hairband,Upper Headgear,100,3,30,1,Every Job,"Strange looking Hair lace.\nIt seems like one can receive the signal from another planet when you are wearing it. However, it's just merely a feel.\nThe vision of wearer seems to be wider with it.\nMaximum HP + 50, Maximum SP + 10\nEnables use of Level 1 Ruwach.","{ bonus bMaxHP,50; bonus bMaxSP,10; skill ""AL_RUWACH"",1; },{},{}"
5257,Soul Ring,Upper Headgear,30,2,20,0,Every Job except Novice,A halo and a pair of wings that are floating above a head. The item makes the wearer to look like a spirit that is walking on the earth.\nMDEF + 2\nAdd a 1% chance of auto casting Level 1 Assumptio on the user when the user receives Physical Damage.,"{ bonus bMdef,2; bonus3 bAutoSpellWhenHit,""HP_ASSUMPTIO"",1,10; },{},{}"
5029,Spore Hat,Upper Headgear,90,3,20,0,Every Job except Novice,A headgear made in the form of a Spore's head.,"{},{},{}"
2272,Stop Post,Upper Headgear,40,1,None,0,Every Job,A signpost that declares its wearer's desire that people should stop whatever they are doing.\nCauses catastrophes during wedding ceremonies.,"{},{},{}"
5062,Straw Hat,Upper Headgear,20,3,50,0,Every Job,A hat knitted together with straw.\nAGI + 1,"{ bonus bAgi,1; },{},{}"
5049,Striped Hairband,Upper Headgear,15,1,None,0,Every Job,A striped hair band which is good for preventing hair from covering the eyes.\nImpossible to refine this item.,"{},{},{}"
5287,Vacation Hat,Upper Headgear,20,1,30,1,Every Job,A hat recommended to use for vacations. It helps to protect your face from strong sunshine.\nVIT + 1\nImpossible to refine this item.,"{ bonus bVit,1; },{},{}"
5032,Sunday Hat,Upper Headgear,80,1,None,0,Every Job except Novice,"A fashionable, wide brimmed hat that's perfect for blocking the glare of the sun.","{},{},{}"
5103,Sunflower Hairpin,Upper Headgear,60,1,30,0,Every Job except Novice,"A hairpin adorned with a sunflower.\nAGI + 2, Critical Rate + 5%\nImpossible to refine this item.","{ bonus bAgi,2; bonus bCritical,5; },{},{}"
5022,Hat of the Sun God,Upper & Middle Headgear,240,4,None,0,Knight   Priest   Wizard   Blacksmith   Hunter   Assassin   Crusader   Monk   Sage   Rogue   Alchemist   Bard / Dancer   Star Gladiator   Soul Linker,"A hat that is said to have been worn by the god of the sun.\nSTR + 3, INT + 2","{ bonus bStr,3; bonus bInt,2; },{},{}"
5395,Striped Hat,Upper Headgear,50,2,50,1,Every Job,"A souvenir hat to celebarate the 4th Anniversary of Europe Ragnarok Online.\nEach refine increases your HP.\nMax HP + 100, LUK + 3\nAdditional MaxHP +20 for every refine level.","{ bonus bMaxHP,100+(getrefine()*20); bonus bLuk,3; },{},{}"
5059,Teddybear Hat,Upper Headgear,80,3,50,0,Every Job,A hat made to look like a teddy bear's face. It makes a nice present.,"{},{},{}"
5107,Crunch Toast,Lower Headgear,5,0,None,0,Every Job,A noble headgear created in the proud image of a crunchy toast.\nWearing it makes you feel just like a part of a balanced breakfast.,"{},{},{}"
5255,Triple Poring Hat,Upper Headgear,60,3,20,0,Every Job,"A hat which seems to stack a few of the most popular monster, Poring.\nAre they Angeling at the bottom, Masterling in the middle, Poring at the top?\nLUK + 3\nAdd a 2% chance of auto casting Greed around the user when attacking.\nImpossible to refine this item.","{ bonus bLuk,3; bonus3 bAutoSpell,""BS_GREED"",1,50; },{},{}"
5077,Tulip Hairpin,Upper Headgear,10,1,None,0,Every Job,A tiny little hairpin shaped like a tulip.,"{},{},{}"
5337,Party Recruiter Hat,Upper Headgear,0,2,10,0,Every Job,A helm with a Party Member wanted ad on it. Let's level up together!!,"{},{},{}"
5358,Peco Ears,Middle Headgear,10,1,70,0,Every Job,"An ornament wing created by Morgan Stanley's.\nAGI + 1, MDEF + 2","{ bonus bAgi,1; bonus bMdef,2; bonus bUnbreakableHelm; },{},{}"
5152,Chinese Crown,Upper & Middle Headgear,200,2,None,0,Every Job,"A heavy looking hat, colored blue with a lot of silver and gems.\nSeems to go well with formal events, such as marriage.\nIncrease resistance to the Stun status by 10%.\nINT + 1, MDEF + 2","{ bonus2 bResEff,Eff_Stun,1000; bonus bInt,1; },{},{}"
5305,Pirate Dagger,Lower Headgear,10,0,None,0,Every Job,A small silver knife that is held between your teeth to allow free use of your hands. Reward for helping Pirate Captain Wesley during the 2007 4th anniversary celebration.\nATK + 5,"{ bonus bBaseAtk,5; },{},{}"
5413,Pop Corn Hat,Upper Headgear,30,2,None,0,Every Job,The well-fried popcorn into the hat.\nIncreases resistance to Wind Property by 10%.,"{ bonus2 bSubEle,Ele_Wind, 10; },{},{}"
5415,Poring Cake Hat,Upper Headgear,100,5,40,0,Every Job,"A special hat created to celebrate 5th year anniversary of RO in the Philippines.\nMDEF, CRI, FLEE, Perfect Dodge + 5\nASPD + 5%. Reduces Cast Time by 5%.\nSkill Delay reduced by 5%.","{ bonus bMdef,5; bonus bCritical,5; bonus bFlee,5; bonus bFlee2,5; bonus bAspdRate,5; bonus bCastrate,-5; bonus bDelayRate,-5; },{},{}"
5318,Poring Party Hat,Upper Headgear,0,2,None,0,Every Job,"A hat made to celebrate the 3rd anniversary of Ragnarok Online.\nMax HP + 6%, Max SP + 6% during the event.\nDecreases 6% magical damage from all monster when receives physical attack.\nImpossible to refine this item.\nAfter the event period, FLEE + 6.","{ bonus bAllStats,3; },{},{}"
5409,Purple Cowboy Hat,Upper Headgear,50,4,None,1,Every Job,"A hat, symbolizing western frontiers, made to celebrate the festival.\nINT + 2 , VIT + 2 , SP + 50","{ bonus bInt,2; bonus bVit,2; bonus bMaxSP,50; },{},{}"
5051,Pussy Cat Bell,Lower Headgear,10,0,None,0,,"A bell which can be used as a necklace, and makes a clear sound when it rings.\nIt makes its wearer look harmless and adorable.","{},{},{}"
5293,Ramen Hat,Upper Headgear,0,1,None,0,Every Job,"Noodles put on a head. When hungry, this is portable ration. Be careful not to spoil it.\nDEX + 4\nChance of auto casting Level 1 Decrease AGI on the enemy when physically attacked.","{ bonus bDex,4; bonus4 bAutoSpellWhenHit,""AL_DECAGI"",1,30,1; },{},{}"
5801,Red Tailed Ribbon,Upper Headgear,10,5,None,0,Every Job,"Pretty red ribbon. You can feel the sweetness of love.\nAll Stats + 2, Reduce 10% damage taken from DemiHuman monster.\nAdd a 3% chance of auto casting Level 5 Heal on the enemy when attacking.\n(A chance of auto casting Level 10 Heal if Level 10 Heal is learned.)","{ bonus bAllStats,2; bonus2 bSubRace,RC_DemiHuman,10; bonus2 bSubRace,RC_Player_Human,10; if(getskilllv(""AL_HEAL"")==10) { bonus3 bAutoSpellWhenHit,""AL_HEAL"",10,20; } else { bonus3 bAutoSpellWhenHit,""AL_HEAL"",5,20; } },{},{}"
5325,Robo Eye,Middle Headgear,20,2,10,0,Every Job,"An unidentified object look like eye.It comes from space and can give out light.\nAttack Power + 2%, MATK + 2%, Dex + 1","{ bonus2 bAddClass,Class_All,2; bonus bMatkRate,2; bonus bDex,1; },{},{}"
5320,Champion Wreath,Upper Headgear,50,4,None,0,Every Job except Novice,A very special prize that is given to the Champion of Champions.\nAll Stats + 2\nAdd a 5% of auto casting Level 1 Heal on the user when the user receives Physical Damage.,"{ bonus bAllStats,2; bonus4 bAutoSpellWhenHit,""AL_HEAL"",1,50,0; },{},{}"
5354,Muslim Hat M,Upper Headgear,10,2,None,0,Every Job,"This is a traditional headgear for male Muslims.\nWhen use magic, Reduce Casting Time by 5%.","{ bonus bCastrate,-5; },{},{}"
5811,Santa's Beard,Lower Headgear,10,5,None,0,Every Job,A beard that makes you laugh like Santa Clause.,"{},{},{}"
5381,Santa Poring Hat,Upper Headgear,10,2,None,1,Every Job,"A cute hat with a santa poring.\nIncreases damage against Shadow Property monsters by 3%,\nReduces damage received from Shadow Property monsters by 3%.\nMDEF + 2.\nImpossible to refine this item.","{ bonus bMdef,2; bonus2 bAddEle,Ele_Dark,3; bonus2 bSubEle,Ele_Dark,3; },{},{}"
5397,Scuba Gear,Middle Headgear,10,0,None,0,Every Job,"Scuba Glasses meant for Divers.\nIf you wear this on the Ground, people will think you are a person\nnot taking outside views seriously.\nResistance against Water Property by 10%.","{ bonus2 bSubEle,Ele_Water, 10; bonus bUnbreakableHelm, 0; },{},{}"
5355,Selendang,Upper Headgear,10,2,None,0,Every Job,"This is a traditional costumes for female Muslims.\nWhen use magic, Reduce Casting Time by 5%.","{ bonus bCastrate,-5; },{},{}"
5310,Shining Electric Bulb Hairband,Upper Headgear,10,3,None,1,Every Job,A hairband decorate with small lamp. Make feel safe when at darkness.\nIncrease resistance to the Shadow Property by 10%.\nEnables use of Level 1 Sight.,"{ bonus2 bSubEle,Ele_Dark,10; skill ""MG_SIGHT"",1; },{},{ sc_end SC_SIGHT; }"
5274,Shiny Wig,Upper & Middle Headgear,10,1,None,0,Every Job,"Wig with Yellow, Orange and Gold Colors.\nIncreases Movement Speed when equipped.\nDEF + 4\nEnables use of Level 1 Hiding.","{ bonus bSpeedRate,25; bonus bDef,4; skill ""TF_HIDING"",1; },{},{ sc_end SC_HIDING; }"
5261,Silver Tiara,Upper Headgear,50,2,None,0,Every Job,A head decoration made out of shiny silver with a star in the center.\nINT + 2\n[Magician]\nIncreases MATK bonus according to the wearer's job level.\n[Acolyte]\nDecreases SP Consumption according to the wearer's job level.\n[Archer]\nIncreases Max SP according to the wearer's job level.,"{ bonus bInt,2; if(BaseClass==Job_Mage) bonus bMatkRate,(JobLevel/20); if(BaseClass==Job_Acolyte) bonus bUseSPrate,-(JobLevel/10); if(BaseClass==Job_Archer) bonus bMaxSP,(JobLevel*2); },{},{}"
5388,Snake Head Hat,Upper Headgear,20,1,30,1,Every Job,A hat looks like snake on it. You probably fall in love with beautiful young women when you wear it.\nEnables use of Level 5 Double Attack.,"{ skill ""TF_DOUBLE"",5; },{},{}"
5342,Sorin Doll Hat,Upper Headgear,50,0,60,1,Every Job,So hot! A headgear with the figure of Kafra Sorin! Her cute appearance made the price of this hat rise at the auction place.\nReduces damage from Demihuman monster by 5%.\nWhen physically attacking there is a chance that for 10 seconds you'll receive ATK +50.\nImpossible to refine this item.,"{ bonus2 bSubRace,RC_DemiHuman,5; bonus2 bSubRace,RC_Player_Human,5; bonus bDex,2; autobonus ""{ bonus bBaseAtk,50; }"",20,10000,0,""{ specialeffect2 EF_POTION_BERSERK; }""; },{},{}"
5297,Soul Wing,Upper Headgear,30,2,None,1,Every Job,The mysterious wing which is floating above the head.\nAll Stats + 1\nRecovery SP + 2 per 10 seconds.,"{ bonus bAllStats,1; bonus2 bSPRegenRate,2,10000; },{},{}"
5335,Jumping Poring,Upper Headgear,30,2,None,0,Every Job,A Poring hat that feels like hopping on top of your head. It brings fortune to the wearer.\nLUK + 1\nImpossible to refine this item.\nIndestructible.,"{ bonus bLuk,1; bonus bUnbreakableHelm; },{},{}"
5412,Sweet Candy,Lower Headgear,10,1,None,0,Every Job,A delicious candy which is good for the children.,"{ bonus bUnbreakableHelm, 0; },{},{}"
5343,Telling Doll Hat,Upper Headgear,50,0,60,1,Every Job,So hot! A headgear with the figure of Kafra Telling! She is such an active and hard-working lady. So she became the most favorite Kafra among users.\nDecreases 5% damage from Demihuman monsters.\nIncreases 10% HP recovery rate when White Potion or White Slim Potion is used.\nUnrefineable,"{ bonus2 bSubRace,RC_DemiHuman,5; bonus2 bSubRace,RC_Player_Human,5; bonus bAgi,2; bonus2 bAddItemHealRate,504,10; bonus2 bAddItemHealRate,547,10; },{},{}"
5098,Tiger Mask,Upper & Middle Headgear,40,2,50,0,Every Job,"A mask rumored to make its wearer ferociously aggressive.\nSTR + 3, Maximum HP + 100\nImpossible to refine this item.","{ bonus bStr,3; bonus bMaxHP,100; },{},{}"
5430,Torch Cap,Upper Headgear,0,3,None,0,Every Job,The fire is sacred crown swinger.\nIncreases resistance to Fire Property by 20%.\nEnables use of Level 5 Fireball.\nImpossible to refine this item.,"{ bonus2 bSubEle,Ele_Fire,20; skill ""MG_FIREBOLT"",5; },{},{}"
5384,Twin Pompom By JB,Upper Headgear,20,1,20,1,Every Job,A cute hat which it protects you from the cold weather and will give you an ultra-cute look!\nDesigned by the famous stylist JB.\nLUK +3\nEnables use of Level 1 Sense.\nAdd chance of auto casting Level 1 Increase Agility when attacking.,"{ bonus bLuk,3; skill ""WZ_ESTIMATION"",1; bonus3 bAutoSpell,""AL_INCAGI"",1,500; },{},{}"
5316,Umbrella Hat,Upper Headgear,10,2,50,0,Every Job,A fancy umbrella that doesn't need a hand and is very handy during monsoon. It prevents you getting wet and also gives you a festival mood.\nReduces getting 3% damage from Water Property Attack.,"{ bonus2 bSubEle,Ele_Water,3; },{},{}"
5289,Vanilmirth Hat,Upper Headgear,10,0,30,0,Every Job,"Shaped like a Vanilmirs. Cold and soft.\nAdd a 1% chance of auto casting a Level 1 Bolt spell (Fire, Cold, Lightning) on the enemy when attacking.\nMDEF + 5\nImpossible to refine this item.\nIndestructible.","{ bonus bUnbreakableHelm; bonus3 bAutoSpell,""MG_FIREBOLT"",1,10; bonus3 bAutoSpell,""MG_COLDBOLT"",1,10; bonus3 bAutoSpell,""MG_LIGHTNINGBOLT"",1,10; bonus bMdef,5; },{},{}"
5805,Victorious Coronet,Upper Headgear,15,1,70,0,Every Job,"A headband given to the winner. It was said that only a true warrior can wear it.\nMaximum HP + 15%, SP Recovery + 5%.\nThese Item can not be traded or given to other players.","{ bonus bMaxHPrate,15; bonus bSPrecovRate,5; },{},{}"
5301,Victory Hairband,Upper Headgear,10,0,None,0,Every Job,A Ribbon made specially for Day of Victory.,"{},{},{}"
5344,Bennit Doll Hat,Upper Headgear,50,0,60,1,Every Job,"So hot! A headgear with the figure of Kafra Bennit! She has a boyish look, but her hobby is knitting and reading romance novels. She is fully supported by male users who like the short-cut style.\nReduces damage from Demihuman monster by 5%.\nWhen physically attacking there is a chance that for 30 seconds you'll gain ASPD +5%.\nImpossible to refine this item.","{ bonus2 bSubRace,RC_DemiHuman,5; bonus2 bSubRace,RC_Player_Human,5; bonus bVit,2; autobonus ""{ bonus bAspdRate,5; }"",20,30000,0,""{ specialeffect2 EF_HASTEUP; }""; },{},{}"
5345,W Doll Hat,Upper Headgear,50,0,60,1,Every Job,"So hot! A headgear with the figure of Kafra W! There is a rumor that an assassin association wants to scout her, because there are so many guys who become frightened and faint when she calls them.\nReduces damage from Demihuman monster by 5%.\nIncreases physical and magical damage to the undead monster by 5%.\nImpossible to refine this item.","{ bonus2 bSubRace,RC_DemiHuman,5; bonus2 bSubRace,RC_Player_Human,5; bonus bLuk,2; bonus2 bAddRace,RC_Undead,5; bonus2 bMagicAddRace,RC_Undead,5; bonus2 bSubRace,RC_Undead,5; },{},{}"
5411,White Snake Hat,Upper Headgear,50,2,None,0,Every Job,A hairband that immortalizes the precious White Snake.\nDEX + 2,"{ bonus bDex,2; },{},{}"
5368,White Wing,Upper Headgear,10,2,None,0,Every Job,The glistening white feathers collected to make this beautiful headdress.\nAdd a low chance of gaining Holy Elemental Scroll each time a monster is killed.\nUnable to trade.,"{ bonus2 bAddMonsterDropItem,12280,300; },{},{}"
5385,Yoyo Hat,Upper Headgear,30,1,20,0,Every Job,"An adorable hat, it looks like an impish monster YoYo.\nEnables use of Level 1 Hiding.","{ skill ""TF_HIDING"", 1; },{},{ sc_end SC_HIDING; }"
5079,X Hairpin,Upper Headgear,10,1,None,0,Every Job,A hair accessory that looks like an 'X'.,"{},{},{}"
5256,Valkyrie Feather Band,Upper Headgear,10,1,20,1,Every Job,Headband made of Valkyrie's feathers. The power of Valkyrie flows in the person who equips it.\nINT + 1\nAdd a 1% chance of auto casting Level 1 Heal on the user when the user receives Physical Damage.,"{ bonus bInt,1; bonus3 bAutoSpellWhenHit,""AL_HEAL"",1,10; },{},{}"
5285,Vane Hairpin,Upper Headgear,30,3,30,1,Every Job,Vane shaped hairpin. You can find the velocity of the wind with this?\nAGI + 2\nImpossible to refine this item.,"{ bonus bAgi,2; },{},{}"
5357,Wings Of Victory,Upper & Middle Headgear,20,10,None,0,Every Job,A hair ornament made from Valkyrie's Feathers and precious gems. Rumored to protect it's wearer from any harm.\nMDEF + 10\nIndestructible (except in upgrade attempts).\nImpossible to refine this item.,"{ bonus bMdef,10; bonus bUnbreakableHelm; },{},{}"
5188,Wandering Minstrel Hat,Upper Headgear,50,2,50,0,Every Job,"A stylish wide brimmed hat made to keep the sun out of the eyes of a famous performing minstrel.\nINT + 1, DEX + 1","{ bonus bInt,1; bonus bDex,1; },{},{}"
2292,Welding Mask,Middle & Lower Headgear,30,2,50,0,Merchant   Blacksmith   Alchemist,A durable mask made from a fat metal plate that is usually worn by welders and Blacksmiths.\nIncreases resistance to Fire Property by 10%.,"{ bonus2 bSubEle,Ele_Fire,10; },{},{}"
5294,Whisper Mask,"U, M & L Headgear",0,0,None,0,Every Job,"Shaped like a whisper. It feels like massaged on a face. No sure that it is good for skin.\nAGI + 3, Increase damage from Ghost Property attacks by 10%.","{ bonus bAgi,3; bonus2 bSubEle,Ele_Ghost,-10; },{},{}"
5115,Winter Hat,Upper Headgear,50,3,None,0,Every Job,A furry hat that is an all time favorite during the winter season.\nIncrease resistance to the Freeze status by 10%.,"{ bonus2 bResEff,Eff_Freeze,1000; },{},{}"
5284,Water Lily Crown,Upper Headgear,20,0,30,1,Every Job,"A hat when equip its just feel calm and concentration.\nDEX + 1, AGI + 1, MDEF + 3\nHP Recovery + 5%, SP Recovery + 3%\nImpossible to refine this item.","{ bonus bDex,1; bonus bAgi,1; bonus bHPrecovRate,5; bonus bSPrecovRate,3; },{},{}"
5050,Wonder Nutshell,Upper Headgear,30,5,30,0,Every Job,A head piece made out of a wondrous nutshell that has been cut in half.\nImpossible to refine this item.,"{},{},{}"
5206,Romantic White Flower,Lower Headgear,10,0,None,0,Every Job except Novice,A tiny romantic white flower.\nReduces damage from Plant monster by 3%.,"{ bonus2 bSubRace,RC_Plant,3; },{},{}"
5197,White Ribbon,Upper Headgear,10,1,None,1,Every Job,"A long piece of cloth rolled into a butterfly shape. It's usually worn by girls, so if a guy wears it, he might be mistaken for a girl.\nMDEF + 3","{ bonus bMdef,3; },{},{}"
5278,Yellow Ribbon,Upper Headgear,10,1,20,0,Every Job except Novice,"It's a piece of ribbon that hangs to one side when worn that was created out of old Flags that was torn by bullets.\nLUK + 2, VIT + 2\nReduces damage from Long Range attacks by 10%.","{ bonus bLuk,2; bonus bVit,2; bonus bLongAtkDef,10; },{},{}"
5192,Yellow Ribbon,Upper Headgear,10,1,None,1,Every Job,"A long piece of cloth rolled into a butterfly shape. It's usually worn by girls, so if a guy wears it, he might be mistaken for a girl.\nMDEF + 3","{ bonus bMdef,3; },{},{}"
5121,Zealotus Mask,Upper & Middle Headgear,40,3,70,0,Every Job except Novice,"This mask, which is symbolic of Zherlthsh, mistress of the Glast Heim Underground Prison, makes its wearer feel like looking down on normal human peons.\nInflicts 5% more damage on DemiHuman monster.\nReduce 5% of the damage taken from DemiHuman monster.","{ bonus2 bAddRace,RC_DemiHuman,5; bonus2 bAddRace,RC_Player_Human,5; bonus2 bSubRace,RC_DemiHuman,5; bonus2 bSubRace,RC_Player_Human,5; },{},{}"
5574,Well-Chewed Pencil,Lower Headgear,10,0,10,0,Every Job,"A popular snack while taking tests. It makes one look more studious but, it's days may be numbered if it stays in somebody's mouth any longer.\nHIT + 3.\n[+ Model Training Hat]\nDEX + 2, DEF + 2.","{ bonus bdex,2; bonus bHitRate,3; },{},{}"
